{
    "normals":[-0,0,1,0,0,-1,1,0,-0,0.766769,0.641923,-0,-1,-0,0,-0.766769,-0.641923,-0],
    "uvs":[],
    "vertices":[1,-1,-3.38897,1,-1,-1.38897,-1,-1,1,-1,-1,-1,1,4.4068,-3.38897,0.999999,4.4068,-1.38897,-1,4.4068,0.999999,-1,4.4068,-1],
    "name":"CubeGeometry",
    "materials":[{
        "colorDiffuse":[0.64,0.64,0.64],
        "blending":"NormalBlending",
        "wireframe":false,
        "specularCoef":50,
        "DbgColor":15658734,
        "transparent":false,
        "opacity":1,
        "DbgName":"Material",
        "colorEmissive":[0,0,0],
        "depthTest":true,
        "colorSpecular":[0.5,0.5,0.5],
        "depthWrite":true,
        "shading":"phong",
        "visible":true,
        "DbgIndex":0
    }],
    "metadata":{
        "version":3,
        "normals":6,
        "uvs":0,
        "materials":1,
        "type":"Geometry",
        "vertices":8,
        "generator":"io_three",
        "faces":6
    },
    "faces":[35,0,1,2,3,0,0,0,0,0,35,4,7,6,5,0,1,1,1,1,35,0,4,5,1,0,2,2,2,2,35,1,5,6,2,0,3,3,3,3,35,2,6,7,3,0,4,4,4,4,35,4,0,3,7,0,5,5,5,5]
}